Gene	p_value_test_1	general_diff	p_value_test_2	confirm_diff
RAP1GAP2	1.6676290380334414e-74	0.46626191576243486	1.5153831204355098e-77	0.4908984264721264
SPAG6	1.6676290380334414e-74	0.4458757282566783	1.5153831204355098e-77	0.4141570848558176
HORMAD2	1.6676290380334414e-74	0.43321594101311056	1.5153831204355098e-77	0.4618995109188313
PTPN22	1.6888902108802835e-74	0.41899021168574596	1.6851182923504496e-77	0.4468884456255852
FGD2	1.6676290380334414e-74	0.40676623300165127	1.5153831204355098e-77	0.3906806678075948
PAX9	1.6676290380334414e-74	0.393124096924781	1.5153831204355098e-77	0.37380521114049003
MCHR2	2.216519127424133e-73	0.38416224654498066	1.6454138152023222e-75	0.46170191722212794
MARK2P9	3.1006470843103267e-74	0.38284112885521776	2.7001354557217598e-77	0.39215590276040807
LRRC25	1.6676290380334414e-74	0.38052522990856674	1.7874746107397808e-77	0.4764932379256972
CYP1B1-AS1	5.831623768073025e-74	0.35109211442414606	1.3595871839376407e-74	0.3732057519123572
FGF13	6.891893339811288e-49	0.34212476307727613	1.1675749693511847e-29	0.30321773482843706
CUX2	1.6676290380334414e-74	0.31591413673755375	1.5699770857383636e-77	0.35851637110443135
MTMR11	1.7766718668937087e-74	-0.3238022178546593	1.5153831204355098e-77	-0.4336225725313305
ABCA8	6.699990240303182e-74	-0.344242625279777	1.5153711078990115e-77	-0.47919219705286453
